Nombre,Apellido,Edad,Correo
Luis Alberto,Correa,73,Lui_Co-1943@outlook.com
Victoria,Rodr�guez,36,Vic_Ro-1980@hotmail.com
John,Duque,44,Joh_Du-1972@outlook.com
Abd�as,Ramirez,19,Abd_Ra-1997@hotmail.com
Fabio,Sanz,74,Fab_Sa-1942@gmail.com
Luis Antonio,Agudelo,56,Lui_Ag-1960@hotmail.com
Axel,Trujillo,47,Axe_Tr-1969@gmail.com
Emmanuel,Saldarriaga,51,Emm_Sa-1965@outlook.com
Marco Antonio,G�mez,87,Mar_G�-1929@hotmail.com
Isabel,Torres,51,Isa_To-1965@outlook.com
Jennifer,Oliverio,16,Jen_Ol-2000@hotmail.com
Oswaldo,Laverde,69,Osw_La-1947@gmail.com
